Domain,Concept Name,Description,XRPL Features,VMT Driver
Payments & Commerce,X402 API Gateway,Middleware that adds HTTP 402 payment gates to any API. Per-call pricing in XRP.,"Payment Channels, Memos, Micropayments",Every API call generates a transaction
Payments & Commerce,RLUSD Payment Rails,White-label payment processing for merchants accepting RLUSD.,"RLUSD, Trustlines, Payments",Every merchant sale settles on-chain
Payments & Commerce,Subscription Engine,Recurring payment platform using XRPL escrows with auto-refund on cancellation.,"Escrow, Time-based Release, Payments",Each subscription cycle = create + finish transactions
Payments & Commerce,Cross-Border Remittance Platform,End-to-end remittance service converting fiat to XRP/RLUSD for cross-border transfers.,"RLUSD, Payments, Path Finding",Every remittance is an on-chain payment
Payments & Commerce,Payroll-as-a-Service,Batch payroll for companies paying contractors/employees in XRP or RLUSD.,"Payments, RLUSD, Multi-signing",Monthly payroll for N employees = N transactions per run
DeFi & Trading,DEX Trading Terminal,Professional trading interface for XRPL native DEX with limit orders and portfolio tracking.,"DEX, OfferCreate, OfferCancel",Active traders place dozens of orders daily
DeFi & Trading,AMM Liquidity Manager,Dashboard for managing XRPL AMM positions with analytics on IL and yield.,"AMM, AMMDeposit, AMMWithdraw",LP management actions and rebalancing
DeFi & Trading,Arbitrage Engine,Automated bot detecting price discrepancies across XRPL DEX pairs and AMM pools.,"DEX, AMM, Path Finding",Hundreds of transactions per day by design
DeFi & Trading,Lending Protocol,P2P lending with escrow-based loans and on-chain credit history via memos.,"Escrow, Memos, Payments",Each loan = create + N repayment transactions
DeFi & Trading,Token Launchpad,Platform for launching new tokens on XRPL with distribution and vesting.,"Issued Currencies, Trustlines, DEX, Escrow",Token launch + trading + vesting releases
NFTs & Digital Assets,NFT Marketplace,Full-featured marketplace for XRPL NFTs with mint/list/buy/auction/transfer.,"NFTs, NFTokenMint, NFTokenCreateOffer",Every mint/list/sale/transfer is on-chain
NFTs & Digital Assets,Event Ticketing Platform,Event tickets as XRPL NFTs with controlled resale and royalty enforcement.,"NFTs, Transfer Fees, NFTokenBurn",Every ticket sold/resold/redeemed = on-chain
NFTs & Digital Assets,Digital Credentials,Verifiable credentials (diplomas/certificates) as NFTs for institutions.,"NFTs, Metadata, Memos",Each credential issued = mint transaction
NFTs & Digital Assets,Loyalty & Rewards Platform,Loyalty points as XRPL tokens earned on purchase and redeemed/traded on DEX.,"Issued Currencies, Trustlines, DEX",Every earn and redemption = on-chain
AI & Agents,AI Agent Payment Network,Infrastructure for AI agents to pay each other for services via micropayments.,"X402, Micropayments, Payment Channels",AI agents transacting autonomously = massive volume
AI & Agents,Data Oracle Network,Decentralized oracle with pay-per-query model and data stored in memos.,"Memos, Micropayments, Payments",Every data query = payment + memo write
AI & Agents,AI Content Marketplace,Bounty platform where AI agents compete to deliver content for escrow-funded bounties.,"Escrow, NFTs, Memos",Each bounty = 2-3 transactions
Impact & Social Good,Transparent Aid Platform,End-to-end aid distribution with full on-chain audit trail.,"RLUSD, Multi-signing, Payments",Every donation and distribution = on-chain
Impact & Social Good,Carbon Credit Exchange,Tokenized carbon credits traded on DEX and burned on retirement.,"Issued Currencies, DEX, Token Burning",Every credit issued/traded/retired = on-chain
Impact & Social Good,Micro-Savings Circles,Digital tontine with weekly escrow contributions and rotating payouts.,"Escrow, Multi-signing, Payments",N members x weekly contributions = N txns/week
Impact & Social Good,Community Solar Exchange,Tokenized solar energy production traded on XRPL DEX.,"Issued Currencies, DEX, IoT",Daily energy tokenized + traded = continuous flow
Impact & Social Good,Scholarship & Grant DAO,Community-funded education fund with multi-sign voting and escrow disbursement.,"Multi-signing, Escrow, Memos",Contributions + votes + disbursements per cycle
Infrastructure & Tools,XRPL Analytics Dashboard,Real-time network analytics with premium features paid in XRP.,"Data Analytics, Micropayments",Premium subscriptions paid on-chain
Infrastructure & Tools,Multi-Sig Treasury Manager,DAO/corporate treasury with proposal/vote/execute workflow.,"Multi-signing, Payments, Memos",Every treasury action = multi-signed txn
Infrastructure & Tools,XRPL Webhook Service,Subscribe to on-chain events with webhook delivery and paid tiers.,"Micropayments, Payments",Subscription payments + enables other apps
